user_id,username
6805454220,Unknown
5325767423,kammi_ll_a
7062222021,Unknown
1842078403,Unknown
5189941278,Unknown
6849884298,Unknown
6997698971,Unknown
6487817286,Unknown
5950561799,Unknown
7373178818,vall_eriyy
7074281159,daria_lmkj
5639523878,Unknown
7824297133,DevikaNayanar
2016908774,vpb5bDlYPaUw
6587246033,e4vBZpbyYXTQf
5812957692,Unknown
6576382124,Unknown
5852155676,Unknown
5803432628,SergFro1
6039870284,Unknown
7362498046,Karina909_1
7113296788,Unknown
5279045587,Unknown
7177598475,daa_ri1aa
7224686674,Unknown
1845273644,Unknown
6221207702,Unknown
6870178891,Unknown
6942869883,alisa_oik
6321155615,Unknown
6081145704,Unknown
397212307,Unknown
7056445590,elzavoronova
5834669198,Unknown
1687113538,Unknown
5967586321,Unknown
6457028119,Unknown
5918698318,Unknown
6381343906,Unknown
7007281781,Unknown
6127864419,traffordrav5
6256726998,Unknown
7083393338,Unknown
1284311545,Unknown
7091017468,lffische
6358387695,Unknown
5051968760,Unknown
5921953559,Unknown
1957211252,ded_b0m_b0m
1785146230,katyamoinjfsd
5196286404,Unknown
1631991453,yuliya77764
6933437343,Unknown
1208499652,yudiksy
7528317187,Unknown
6735200889,Unknown
6027159774,Unknown
6009720818,Safron_vladimir
