user_id,username
6805454220,Unknown
5325767423,kammi_ll_a
7062222021,Unknown
1842078403,Unknown
5189941278,Unknown
6849884298,Unknown
6997698971,Unknown
6487817286,Unknown
5950561799,Unknown
7373178818,vall_eriyy
7074281159,daria_lmkj
5639523878,Unknown
7824297133,DevikaNayanar
2016908774,vpb5bDlYPaUw
6587246033,e4vBZpbyYXTQf
5812957692,Unknown
6576382124,Unknown
5852155676,Unknown
5803432628,SergFro1
6039870284,Unknown
7362498046,Karina909_1
7113296788,Unknown
5279045587,Unknown
7177598475,daa_ri1aa
7224686674,Unknown
1845273644,Unknown
6221207702,Unknown
6870178891,Unknown
6942869883,alisa_oik
6321155615,Unknown
6081145704,Unknown
397212307,Unknown
7056445590,elzavoronova
5834669198,Unknown
1687113538,Unknown
5967586321,Unknown
6457028119,Unknown
5918698318,Unknown
6381343906,Unknown
7007281781,Unknown
6127864419,traffordrav5
6256726998,Unknown
7083393338,Unknown
1284311545,Unknown
7091017468,lffische
6358387695,Unknown
5051968760,Unknown
5921953559,Unknown
1957211252,ded_b0m_b0m
1785146230,katyamoinjfsd
5196286404,Unknown
1631991453,yuliya77764
6933437343,Unknown
1208499652,yudiksy
7528317187,Unknown
6735200889,Unknown
6027159774,Unknown
6009720818,Safron_vladimir
5299008727,zqGXSaz
7050965582,rinat_62
5516951567,iHwScuY
7248397501,Unknown
7019786394,Unknown
7417263407,Unknown
5929833372,vikksssamm
6114600891,Unknown
6383705493,Unknown
5976584007,Unknown
1385076081,Puhnm
6431507072,holkan104
6064964680,Unknown
6473744603,Vasilisa5429
6395455012,Unknown
7600181459,Unknown
5723856170,aliin_svet
1455631483,Poijvgchcdcjivc
7007343493,Alexander19799
6393236464,VALHORiS
6977773771,victoriaa_yh
6017488037,Unknown
5960549601,Unknown
6919163684,Unknown
6892085439,CMCVTtxf
5969200629,andrvlass
7344924806,Unknown
5969200629,andrvlass
5969200629,andrvlass
7441186289,Meriia_13
5719613079,Xer2010r
8180947988,Variska_my
1682843074,Jeka12312
6893356194,Unknown
5719613079,Xer2010r
6289941934,Unknown
5563115502,PKaqroH2Ihl4Gug
7779204288,Unknown
7888758631,ahgelnha
1624888073,Unknown
5369067752,Unknown
7787024466,Unknown
6902110307,Unknown
1774101320,Unknown
5178824076,Ksy_t5n
5178824076,Ksy_t5n
5846722885,a3bano
6252334479,Unknown
5943019888,Unknown
6035800103,darrya_danilova
5503850735,JIWON_0909
6983416453,Unknown
7106102938,Unknown
6759597486,vera_yumnaya
6679493928,nastya_gavrilovaaa
1288233116,nastyasolov23
1521313015,tymochkoVA
1162249071,Unknown
994255777,Unknown
6326626411,Unknown
6884048574,alina_bed
5369757461,millana_ffs
6153667661,GromovaTann
7047102473,arkresnovrina
6706362766,ankimskalina
5848531946,Unknown
5731383539,Unknown
6152376529,Unknown
1351728134,Unknown
6898132687,Unknown
6442641908,Unknown
579428894,linma667
6718315086,Unknown
6830441965,Unknown
1596678172,erikass3
6630719580,Alinatimee
7631220803,Unknown
2063821600,elizavetta_fom
7569395455,Unknown
6346903755,Unknown
1465865595,Unknown
1705627603,Unknown
6462068272,Unknown
5401669811,Unknown
6471006273,KiraIsmailova
2111323302,Unknown
5343455933,Unknown
6909611235,IuckyTatiana
5406841667,Unknown
6942546249,Unknown
5532188256,Unknown
5977816018,Unknown
5261141939,elinovaalbina
6771641842,nasta_ghdfhjb
6557976252,katty_mun
5069487807,bogdanochka_13
1486761285,Unknown
1486761285,Unknown
1411918127,Unknown
7342721698,Unknown
1017583853,Unknown
7449758963,Unknown
5430611446,Unknown
6849203079,Unknown
1161722698,Unknown
6881394476,fletunner1
6913234737,Unknown
5431088155,PTlXqAe1pc3Q5NC
5103386348,yaremalox
6829338034,Iliapok
5120313477,Unknown
5188067628,Unknown
5854333531,Unknown
731934352,Unknown
731934352,Unknown
6536090527,ksyxa2312
7289424624,Ponamareva3336
5112063282,dimon0098f
915938524,Unknown
915938524,Unknown
1272306241,Unknown
8088856551,Unknown
915938524,Unknown
5488429767,mark_sd
5649694283,Uabramuk123
2034723543,Unknown
6715471427,Unknown
7797138210,Unknown
5759802310,Unknown
1992384964,Unknown
5897598853,Unknown
6522196778,Imanbekiva
1282292571,Unknown
7052055824,Unknown
7861105185,Unknown
1008606048,Anbrey160
7686536057,Keizes
5629086036,Unknown
5419456227,Unknown
5684041358,lonely_puppet
5246201386,Unknown
5538200312,Unknown
7556061454,Unknown
8041637905,Unknown
1382054515,Unknown
6223916514,Unknown
6098959402,Unknown
1042537556,Unknown
654057745,Unknown
806598650,Unknown
6361651980,Unknown
5017680070,kattt1i
1766377390,OIesyalvanova
7307330975,Unknown
1097264646,Unknown
6361651980,Unknown
5363207602,ev2geeniaa77
6590094181,Unknown
854287325,Unknown
5530819202,Unknown
7146018687,NMDV03
7146018687,NMDV03
380253695,farizodddianaaa
6049447733,Unknown
7146018687,NMDV03
873672588,Unknown
873672588,Unknown
873672588,Unknown
6684269142,Unknown
750272091,DiStreItsova
5064131023,Unknown
873672588,Unknown
873672588,Unknown
6738363740,Greencatgree
7641588558,Unknown
6734240530,Unknown
5692505557,Unknown
5537805137,masha_3654
6942722645,AnnaDrozdova321
5971800173,Unknown
7501444228,Unknown
6982890585,Urbangoodboy
6038622637,Unknown
7789124469,Unknown
7903531238,hcgcycyf7566
5141645567,Unknown
7778215118,Unknown
1170237821,Unknown
818536468,Ari_na_Moiseeva
818536468,Ari_na_Moiseeva
818536468,Ari_na_Moiseeva
7288121554,Unknown
6353041741,Unknown
7912129614,Unknown
7134475100,Avteqsaa
